stage,accuracy
Optuna,0.9878932484977024
Optuna+DE,0.988158359844468
Full_EvoX,0.988659125721692
