method,time_seconds
Optuna,423.08651328086853
Optuna+DE,1481.8293282985687
EvoX,4576.051935434341
