scenario,accuracy
original,0.9884234711912336
noise_0.01,0.9839165782962177
5pct_missing,0.9839607635206787
